{
  "best_validation_mse": 0.10096517205238342,
  "best_validation_step": 15000,
  "device": "cuda",
  "final_latent_delta": [
    -0.002635733224451542,
    -0.007034823764115572
  ],
  "model": "reservoir",
  "optimization_steps": 15000,
  "seed": 0,
  "trainable_parameters": 606,
  "training_seconds": 466.21548580005765,
  "validation_mars_curvature_mse": 1.7749369362718426e-05,
  "validation_mars_mse": 0.1582549661397934,
  "validation_mars_rmse_radians": 0.3978127274733595,
  "validation_mars_velocity_mse": 0.0011587304761633277,
  "validation_mse": 0.09948987513780594,
  "validation_relative_rmse_2pi": 0.05020067706065052,
  "validation_rmse_radians": 0.31542015651794664,
  "validation_sun_mse": 0.040724772959947586,
  "validation_sun_rmse_radians": 0.2018037981801819
}
