{
  "best_validation_mse": 0.10315099358558655,
  "best_validation_step": 15000,
  "device": "cuda",
  "final_latent_delta": [
    -0.00512373261153698,
    -0.010417423211038113
  ],
  "model": "reservoir",
  "optimization_steps": 15000,
  "seed": 0,
  "trainable_parameters": 606,
  "training_seconds": 446.01695049600676,
  "validation_mars_curvature_mse": 8.816076297080144e-05,
  "validation_mars_mse": 0.17935043573379517,
  "validation_mars_rmse_radians": 0.4234978580037863,
  "validation_mars_velocity_mse": 0.0012872508959844708,
  "validation_mse": 0.10130289196968079,
  "validation_relative_rmse_2pi": 0.050656018696596986,
  "validation_rmse_radians": 0.3182811523946726,
  "validation_sun_mse": 0.023255353793501854,
  "validation_sun_rmse_radians": 0.15249706158972984
}
