{
  "best_validation_mse": 0.1012493446469307,
  "best_validation_step": 15000,
  "device": "cuda",
  "final_latent_delta": [
    -0.005043998826295137,
    -0.010441361926496029
  ],
  "geocentric_to_latent_r2": 0.954732061808417,
  "geocentric_to_latent_r2_per_dimension": [
    0.9675600954594317,
    0.9358958517934263
  ],
  "heliocentric_fit_coefficients": [
    [
      -0.07464865615713868,
      -0.04612567208977185
    ],
    [
      0.06323089075661104,
      -0.0740067159261531
    ],
    [
      -0.17375126927160464,
      0.25124551200933437
    ]
  ],
  "heliocentric_fit_expected_delta": [
    -0.004946908406995363,
    -0.010296228588621762
  ],
  "heliocentric_to_latent_r2": 0.9866673297627312,
  "heliocentric_to_latent_r2_per_dimension": [
    0.9918503262652197,
    0.9790568094535553
  ],
  "latent_delta_cosine_similarity": 0.9999977854945847,
  "latent_delta_relative_error": 0.015286264890408937,
  "latent_to_heliocentric_r2": 0.9871522644581575,
  "latent_to_heliocentric_r2_per_angle": [
    0.9962101592731779,
    0.9778661508570591
  ],
  "latent_to_heliocentric_rmse_radians": 0.20388876484222443,
  "learned_latent_delta": [
    -0.005043998826295137,
    -0.010441361926496029
  ],
  "model": "reservoir",
  "optimization_steps": 15000,
  "seed": 0,
  "test_branch_heliocentric_to_latent_r2": 0.6444897625929391,
  "test_branch_latent_to_heliocentric_r2": 0.6658731943069212,
  "test_mars_rmse_radians": 0.423950731754303,
  "test_mse": 0.10097169876098633,
  "test_relative_rmse_2pi": 0.05057314512871605,
  "test_rmse_radians": 0.3177604424106096,
  "test_sun_rmse_radians": 0.14902742207050323,
  "trainable_parameters": 606,
  "training_seconds": 347.5043643536046,
  "validation_mars_rmse_radians": 0.4203401505947113,
  "validation_mse": 0.09942569583654404,
  "validation_relative_rmse_2pi": 0.05018448262815334,
  "validation_rmse_radians": 0.3153184038976222,
  "validation_sun_rmse_radians": 0.1488809585571289
}
