{
  "grad_norm": [
    0.6434867978096008,
    0.329630970954895
  ],
  "train_mse": [
    0.028345223516225815,
    0.022848548367619514
  ],
  "validation_mse": [
    0.022581221535801888,
    0.02139405719935894
  ]
}
