{
  "grad_norm": [
    2.0586888790130615,
    1.987227201461792
  ],
  "train_mse": [
    0.2708354592323303,
    0.2528577744960785
  ],
  "validation_mse": [
    0.317952424287796,
    0.29729774594306946
  ]
}
