{
  "best_epoch": 200,
  "best_validation_mse": 0.00896540004760027,
  "device": "cuda",
  "epochs_ran": 200,
  "model": "single_esn",
  "seed": 4,
  "test_mse": 0.006011696998029947,
  "test_nrmse": 0.6332818428127002,
  "trainable_parameters": 151,
  "training_seconds": 39.817887287121266,
  "validation_mse": 0.00896540004760027,
  "validation_nrmse": 0.7324655759345479
}
