{
  "grad_norm": [
    2.6532561779022217,
    2.256748676300049
  ],
  "train_mse": [
    0.21736671030521393,
    0.16745136678218842
  ],
  "validation_mse": [
    0.24245409667491913,
    0.1871454417705536
  ]
}
