{
  "best_epoch": 200,
  "best_validation_mse": 0.006843062583357096,
  "device": "cuda",
  "epochs_ran": 200,
  "model": "large_esn",
  "seed": 3,
  "test_mse": 0.003931064624339342,
  "test_nrmse": 0.5120985975300183,
  "trainable_parameters": 301,
  "training_seconds": 39.16323950095102,
  "validation_mse": 0.006843062583357096,
  "validation_nrmse": 0.6399228796693265
}
