{
  "grad_norm": [
    0.6803202033042908,
    0.6050590872764587
  ],
  "train_mse": [
    0.04211157560348511,
    0.0360935740172863
  ],
  "validation_mse": [
    0.04160284623503685,
    0.03431032598018646
  ]
}
