{
  "best_validation_mse": 0.10131552815437317,
  "best_validation_step": 15000,
  "device": "cuda",
  "final_latent_delta": [
    -0.005052732303738594,
    -0.010393517091870308
  ],
  "model": "reservoir",
  "optimization_steps": 15000,
  "seed": 0,
  "trainable_parameters": 606,
  "training_seconds": 492.37221030611545,
  "validation_mars_curvature_mse": 1.7393349480698816e-05,
  "validation_mars_mse": 0.17662762105464935,
  "validation_mars_rmse_radians": 0.4202708900871548,
  "validation_mars_velocity_mse": 0.0011894571362063289,
  "validation_mse": 0.09949320554733276,
  "validation_relative_rmse_2pi": 0.05020151728390827,
  "validation_rmse_radians": 0.3154254357963745,
  "validation_sun_mse": 0.022358788177371025,
  "validation_sun_rmse_radians": 0.1495285530504827
}
