{
  "best_validation_mse": 0.1177181825041771,
  "best_validation_step": 15000,
  "device": "cuda",
  "final_latent_delta": [
    -0.005062237847596407,
    -0.01702476665377617
  ],
  "model": "reservoir",
  "optimization_steps": 15000,
  "seed": 0,
  "trainable_parameters": 606,
  "training_seconds": 343.3208489068784,
  "validation_mars_curvature_mse": 2.5264516807510518e-05,
  "validation_mars_mse": 0.20401372015476227,
  "validation_mars_rmse_radians": 0.4516787798366913,
  "validation_mars_velocity_mse": 0.001230037771165371,
  "validation_mse": 0.11504460126161575,
  "validation_relative_rmse_2pi": 0.053982532293992316,
  "validation_rmse_radians": 0.33918225375396005,
  "validation_sun_mse": 0.026075473055243492,
  "validation_sun_rmse_radians": 0.16147901738381829
}
