{
  "best_validation_mse": 0.10109614580869675,
  "best_validation_step": 15000,
  "device": "cuda",
  "final_latent_delta": [
    -0.005240637343376875,
    -0.010324755683541298
  ],
  "model": "reservoir",
  "optimization_steps": 15000,
  "seed": 0,
  "trainable_parameters": 606,
  "training_seconds": 465.14876915095374,
  "validation_mars_curvature_mse": 1.9120401702821255e-05,
  "validation_mars_mse": 0.1760893166065216,
  "validation_mars_rmse_radians": 0.41962997581979483,
  "validation_mars_velocity_mse": 0.0011884645791724324,
  "validation_mse": 0.0992627963423729,
  "validation_relative_rmse_2pi": 0.05014335453740989,
  "validation_rmse_radians": 0.31505998848215067,
  "validation_sun_mse": 0.02243627794086933,
  "validation_sun_rmse_radians": 0.14978744253397655
}
