{
  "grad_norm": [
    1.5009182691574097,
    1.452305793762207
  ],
  "train_mse": [
    0.199929878115654,
    0.18763227760791779
  ],
  "validation_mse": [
    0.27094903588294983,
    0.2553783059120178
  ]
}
