{
  "grad_norm": [
    1.5368024110794067,
    1.116675615310669
  ],
  "train_mse": [
    0.08349570631980896,
    0.05188213661313057
  ],
  "validation_mse": [
    0.05496390908956528,
    0.02769347093999386
  ]
}
