{
  "grad_norm": [
    1.2534857988357544,
    1.059890627861023
  ],
  "train_mse": [
    0.0922095850110054,
    0.07673678547143936
  ],
  "validation_mse": [
    0.05271770805120468,
    0.03981884568929672
  ]
}
