{
  "grad_norm": [
    4.182168483734131,
    3.633793592453003
  ],
  "train_mse": [
    0.3419976532459259,
    0.26680171489715576
  ],
  "validation_mse": [
    0.36838287115097046,
    0.2867555320262909
  ]
}
