{
  "best_validation_mse": 1.2849806547164917,
  "best_validation_step": 60000,
  "device": "cuda",
  "geocentric_to_latent_r2": 0.8274516423501267,
  "geocentric_to_latent_r2_per_dimension": [
    0.9508555267960184,
    0.824080965369907
  ],
  "heliocentric_fit_coefficients": [
    [
      0.04616302862514721,
      -0.34862317257436465
    ],
    [
      -0.05859093747204771,
      -0.22728895496514384
    ],
    [
      0.053355185293825394,
      1.800961918539314
    ]
  ],
  "heliocentric_fit_expected_delta": [
    0.001811468517980577,
    -0.056560554086290946
  ],
  "heliocentric_to_latent_r2": 0.8077772018915037,
  "heliocentric_to_latent_r2_per_dimension": [
    0.982974119933768,
    0.8029918389665174
  ],
  "latent_delta_cosine_similarity": 0.9995330804980476,
  "latent_delta_relative_error": 20.780941515633025,
  "latent_to_heliocentric_r2": 0.8987597821377115,
  "latent_to_heliocentric_r2_per_angle": [
    0.8856055927296647,
    0.9122454081400304
  ],
  "latent_to_heliocentric_rmse_radians": 0.5723432116816437,
  "learned_latent_delta": [
    0.0017949168104678392,
    -1.2325447797775269
  ],
  "model": "scinet",
  "optimization_steps": 60000,
  "seed": 0,
  "test_branch_heliocentric_to_latent_r2": 0.5167638631662521,
  "test_branch_latent_to_heliocentric_r2": 0.583156795629082,
  "test_mars_rmse_radians": 1.0302544832229614,
  "test_mse": 1.2857550382614136,
  "test_relative_rmse_2pi": 0.18046760259860056,
  "test_rmse_radians": 1.1339113890694517,
  "test_sun_rmse_radians": 1.2288554906845093,
  "trainable_parameters": 21408,
  "training_seconds": 184.6943030161783,
  "validation_mars_rmse_radians": 1.0353426933288574,
  "validation_mse": 1.3005858659744263,
  "validation_relative_rmse_2pi": 0.1815054402552605,
  "validation_rmse_radians": 1.1404323153850149,
  "validation_sun_rmse_radians": 1.2366234064102173
}
