{
  "best_validation_mse": 0.11954198032617569,
  "best_validation_step": 15000,
  "device": "cuda",
  "final_latent_delta": [
    -0.0074534304440021515,
    -0.017477184534072876
  ],
  "model": "reservoir",
  "optimization_steps": 15000,
  "seed": 0,
  "trainable_parameters": 606,
  "training_seconds": 344.5543508892879,
  "validation_mars_curvature_mse": 2.8487131203291938e-05,
  "validation_mars_mse": 0.20729738473892212,
  "validation_mars_rmse_radians": 0.4552992254978281,
  "validation_mars_velocity_mse": 0.0012297024950385094,
  "validation_mse": 0.11677814275026321,
  "validation_relative_rmse_2pi": 0.05438772758401144,
  "validation_rmse_radians": 0.34172817084674656,
  "validation_sun_mse": 0.026258883997797966,
  "validation_sun_rmse_radians": 0.16204593175330864
}
