{
  "best_validation_mse": 0.1013668030500412,
  "best_validation_step": 15000,
  "device": "cuda",
  "final_latent_delta": [
    -0.005054669454693794,
    -0.010400633327662945
  ],
  "model": "reservoir",
  "optimization_steps": 15000,
  "seed": 0,
  "trainable_parameters": 606,
  "training_seconds": 465.8444109922275,
  "validation_mars_curvature_mse": 1.9192308172932826e-05,
  "validation_mars_mse": 0.17673613131046295,
  "validation_mars_rmse_radians": 0.4203999658782847,
  "validation_mars_velocity_mse": 0.0011953312205150723,
  "validation_mse": 0.09954825788736343,
  "validation_relative_rmse_2pi": 0.050215404306548084,
  "validation_rmse_radians": 0.3155126905329854,
  "validation_sun_mse": 0.022360412403941154,
  "validation_sun_rmse_radians": 0.14953398411043944
}
