{
  "grad_norm": [
    4.385608673095703,
    3.7867419719696045
  ],
  "train_mse": [
    0.3516447842121124,
    0.2721417546272278
  ],
  "validation_mse": [
    0.3738724887371063,
    0.2878417372703552
  ]
}
