{
  "best_validation_mse": 0.09945225715637207,
  "best_validation_step": 15000,
  "device": "cuda",
  "final_latent_delta": [
    -0.002903710352256894,
    -0.007061471231281757
  ],
  "model": "reservoir",
  "optimization_steps": 15000,
  "seed": 0,
  "trainable_parameters": 606,
  "training_seconds": 490.72243700828403,
  "validation_mars_curvature_mse": 1.749711373122409e-05,
  "validation_mars_mse": 0.15188293159008026,
  "validation_mars_rmse_radians": 0.3897216078049564,
  "validation_mars_velocity_mse": 0.0011222080793231726,
  "validation_mse": 0.09788285940885544,
  "validation_relative_rmse_2pi": 0.04979359189092953,
  "validation_rmse_radians": 0.312862364960785,
  "validation_sun_mse": 0.04388277232646942,
  "validation_sun_rmse_radians": 0.20948215276359325
}
