{
  "grad_norm": [
    1.562912940979004,
    0.9247747659683228
  ],
  "train_mse": [
    0.08286067843437195,
    0.054127439856529236
  ],
  "validation_mse": [
    0.043258197605609894,
    0.029006894677877426
  ]
}
