{
  "best_validation_mse": 0.1196877509355545,
  "best_validation_step": 15000,
  "device": "cuda",
  "final_latent_delta": [
    -0.006038588937371969,
    -0.016676396131515503
  ],
  "model": "reservoir",
  "optimization_steps": 15000,
  "seed": 0,
  "trainable_parameters": 606,
  "training_seconds": 454.2775890864432,
  "validation_mars_curvature_mse": 8.711185364518315e-05,
  "validation_mars_mse": 0.20714539289474487,
  "validation_mars_rmse_radians": 0.45513228065557476,
  "validation_mars_velocity_mse": 0.0012809723848477006,
  "validation_mse": 0.1170908734202385,
  "validation_relative_rmse_2pi": 0.05446050378176305,
  "validation_rmse_radians": 0.3421854371831719,
  "validation_sun_mse": 0.02703636698424816,
  "validation_sun_rmse_radians": 0.16442739122253372
}
