{
  "grad_norm": [
    1.4534114599227905,
    1.3755316734313965
  ],
  "train_mse": [
    0.1299096941947937,
    0.11711634695529938
  ],
  "validation_mse": [
    0.1728438287973404,
    0.15668985247612
  ]
}
