{
  "grad_norm": [
    1.0688759088516235,
    0.9162682294845581
  ],
  "train_mse": [
    0.06130904331803322,
    0.04839693009853363
  ],
  "validation_mse": [
    0.0634240061044693,
    0.04797586053609848
  ]
}
