{
  "grad_norm": [
    2.769497871398926,
    2.346538782119751
  ],
  "train_mse": [
    0.22273945808410645,
    0.17095710337162018
  ],
  "validation_mse": [
    0.24661116302013397,
    0.1894739419221878
  ]
}
