{
  "grad_norm": [
    2.4516942501068115,
    2.3552401065826416
  ],
  "train_mse": [
    0.2980254292488098,
    0.275591105222702
  ],
  "validation_mse": [
    0.3809025287628174,
    0.35349124670028687
  ]
}
