{
  "grad_norm": [
    1.5236916542053223,
    1.1204545497894287
  ],
  "train_mse": [
    0.08371496200561523,
    0.0523599311709404
  ],
  "validation_mse": [
    0.057184018194675446,
    0.02960733138024807
  ]
}
