{
  "grad_norm": [
    1.1493366956710815,
    0.9181477427482605
  ],
  "train_mse": [
    0.057902198284864426,
    0.04440700262784958
  ],
  "validation_mse": [
    0.053699593991041183,
    0.040578246116638184
  ]
}
