{
  "best_validation_mse": 0.1007644534111023,
  "best_validation_step": 15000,
  "device": "cuda",
  "final_latent_delta": [
    -0.005105774849653244,
    -0.010481617413461208
  ],
  "model": "reservoir",
  "optimization_steps": 15000,
  "seed": 0,
  "trainable_parameters": 606,
  "training_seconds": 243.4802869502455,
  "validation_mars_curvature_mse": 2.6296929718228057e-05,
  "validation_mars_mse": 0.17602790892124176,
  "validation_mars_rmse_radians": 0.4195568005899103,
  "validation_mars_velocity_mse": 0.0012025563046336174,
  "validation_mse": 0.09890061616897583,
  "validation_relative_rmse_2pi": 0.05005179190897455,
  "validation_rmse_radians": 0.314484683520479,
  "validation_sun_mse": 0.021773330867290497,
  "validation_sun_rmse_radians": 0.14755788988492108
}
