{
  "best_validation_mse": 0.11865236610174179,
  "best_validation_step": 15000,
  "device": "cuda",
  "final_latent_delta": [
    -0.00790636707097292,
    -0.01748647540807724
  ],
  "model": "reservoir",
  "optimization_steps": 15000,
  "seed": 0,
  "trainable_parameters": 606,
  "training_seconds": 243.39476875402033,
  "validation_mars_curvature_mse": 3.1793751986697316e-05,
  "validation_mars_mse": 0.20663778483867645,
  "validation_mars_rmse_radians": 0.4545742896806598,
  "validation_mars_velocity_mse": 0.0012318986700847745,
  "validation_mse": 0.11590313911437988,
  "validation_relative_rmse_2pi": 0.054183584328954065,
  "validation_rmse_radians": 0.3404455009460103,
  "validation_sun_mse": 0.025168487802147865,
  "validation_sun_rmse_radians": 0.15864579352175673
}
