{
  "grad_norm": [
    1.1582552194595337,
    1.0701367855072021
  ],
  "train_mse": [
    0.08803858608007431,
    0.07766178250312805
  ],
  "validation_mse": [
    0.1136559396982193,
    0.10030235350131989
  ]
}
