{
  "best_validation_mse": 0.10337648540735245,
  "best_validation_step": 15000,
  "device": "cuda",
  "final_latent_delta": [
    -0.004981459584087133,
    -0.011215176433324814
  ],
  "model": "reservoir",
  "optimization_steps": 15000,
  "seed": 0,
  "trainable_parameters": 606,
  "training_seconds": 492.4705200358294,
  "validation_mars_curvature_mse": 1.7431515516364016e-05,
  "validation_mars_mse": 0.179568350315094,
  "validation_mars_rmse_radians": 0.4237550593386396,
  "validation_mars_velocity_mse": 0.00119767093565315,
  "validation_mse": 0.10141446441411972,
  "validation_relative_rmse_2pi": 0.05068390664918292,
  "validation_rmse_radians": 0.31845637756860784,
  "validation_sun_mse": 0.023260554298758507,
  "validation_sun_rmse_radians": 0.1525141118020182
}
