{
  "best_epoch": 200,
  "best_validation_mse": 0.007636907044798136,
  "device": "cuda",
  "epochs_ran": 200,
  "model": "large_esn",
  "seed": 0,
  "test_mse": 0.0044779423624277115,
  "test_nrmse": 0.5465598737788159,
  "trainable_parameters": 301,
  "training_seconds": 39.17772184219211,
  "validation_mse": 0.007636907044798136,
  "validation_nrmse": 0.6760224745604718
}
