{
  "best_validation_mse": 0.10249070823192596,
  "best_validation_step": 15000,
  "device": "cuda",
  "final_latent_delta": [
    -0.002640229184180498,
    -0.00724401231855154
  ],
  "model": "reservoir",
  "optimization_steps": 15000,
  "seed": 0,
  "trainable_parameters": 606,
  "training_seconds": 323.1040415535681,
  "validation_mars_curvature_mse": 9.249182039638981e-05,
  "validation_mars_mse": 0.16060864925384521,
  "validation_mars_rmse_radians": 0.4007600893974414,
  "validation_mars_velocity_mse": 0.0012771639740094543,
  "validation_mse": 0.10096552968025208,
  "validation_relative_rmse_2pi": 0.05057160016817425,
  "validation_rmse_radians": 0.3177507351372331,
  "validation_sun_mse": 0.04132239148020744,
  "validation_sun_rmse_radians": 0.2032790974994907
}
