{
  "grad_norm": [
    3.600860595703125,
    3.524506092071533
  ],
  "train_mse": [
    0.7712733149528503,
    0.7393049001693726
  ],
  "validation_mse": [
    0.9112223386764526,
    0.8747013807296753
  ]
}
