{
  "grad_norm": [
    0.6083447933197021,
    0.5511168241500854
  ],
  "train_mse": [
    0.04129020869731903,
    0.03604232519865036
  ],
  "validation_mse": [
    0.045580409467220306,
    0.038604218512773514
  ]
}
