{
  "grad_norm": [
    0.4585757553577423,
    0.39005565643310547
  ],
  "train_mse": [
    0.017450956627726555,
    0.013696078211069107
  ],
  "validation_mse": [
    0.02745875157415867,
    0.021927472203969955
  ]
}
