{
  "best_validation_mse": 0.09973879158496857,
  "best_validation_step": 15000,
  "device": "cuda",
  "final_latent_delta": [
    -0.002588832750916481,
    -0.00644307117909193
  ],
  "model": "reservoir",
  "optimization_steps": 15000,
  "seed": 0,
  "trainable_parameters": 606,
  "training_seconds": 215.83293543290347,
  "validation_mars_curvature_mse": 2.54321021202486e-05,
  "validation_mars_mse": 0.15881100296974182,
  "validation_mars_rmse_radians": 0.3985109822448333,
  "validation_mars_velocity_mse": 0.0011758841574192047,
  "validation_mse": 0.09839223325252533,
  "validation_relative_rmse_2pi": 0.049922984522058705,
  "validation_rmse_radians": 0.31367536283955316,
  "validation_sun_mse": 0.03797346353530884,
  "validation_sun_rmse_radians": 0.19486781041338982
}
