{
  "best_validation_mse": 0.1029546931385994,
  "best_validation_step": 15000,
  "device": "cuda",
  "final_latent_delta": [
    -0.005266337655484676,
    -0.011053805239498615
  ],
  "model": "reservoir",
  "optimization_steps": 15000,
  "seed": 0,
  "trainable_parameters": 606,
  "training_seconds": 494.4855181132443,
  "validation_mars_curvature_mse": 1.747804162732791e-05,
  "validation_mars_mse": 0.17851315438747406,
  "validation_mars_rmse_radians": 0.42250817079374225,
  "validation_mars_velocity_mse": 0.0011866188142448664,
  "validation_mse": 0.10097552835941315,
  "validation_relative_rmse_2pi": 0.0505741041746816,
  "validation_rmse_radians": 0.3177664682741292,
  "validation_sun_mse": 0.023437894880771637,
  "validation_sun_rmse_radians": 0.15309439859371615
}
