{
  "grad_norm": [
    0.6978663802146912,
    0.36573484539985657
  ],
  "train_mse": [
    0.031269367784261703,
    0.025285940617322922
  ],
  "validation_mse": [
    0.023629803210496902,
    0.022608423605561256
  ]
}
