{
  "grad_norm": [
    1.5973563194274902,
    1.415146827697754
  ],
  "train_mse": [
    0.10385578125715256,
    0.08390304446220398
  ],
  "validation_mse": [
    0.11181323230266571,
    0.08814765512943268
  ]
}
