{
  "best_epoch": 200,
  "best_validation_mse": 0.009232299402356148,
  "device": "cuda",
  "epochs_ran": 200,
  "model": "deep_esn",
  "seed": 3,
  "test_mse": 0.006271709222346544,
  "test_nrmse": 0.6468319329684602,
  "trainable_parameters": 151,
  "training_seconds": 60.48047284083441,
  "validation_mse": 0.009232299402356148,
  "validation_nrmse": 0.7432883437834849
}
