{
  "best_validation_mse": 0.10287711769342422,
  "best_validation_step": 15000,
  "device": "cuda",
  "final_latent_delta": [
    -0.005255018826574087,
    -0.011109067127108574
  ],
  "model": "reservoir",
  "optimization_steps": 15000,
  "seed": 0,
  "trainable_parameters": 606,
  "training_seconds": 344.2604735912755,
  "validation_mars_curvature_mse": 2.0749264876940288e-05,
  "validation_mars_mse": 0.17853622138500214,
  "validation_mars_rmse_radians": 0.4225354676059776,
  "validation_mars_velocity_mse": 0.0011947971070185304,
  "validation_mse": 0.10089841485023499,
  "validation_relative_rmse_2pi": 0.050554789140746695,
  "validation_rmse_radians": 0.31764510833670173,
  "validation_sun_mse": 0.02326062135398388,
  "validation_sun_rmse_radians": 0.15251433163471517
}
