{
  "grad_norm": [
    1.334928035736084,
    0.7484427690505981
  ],
  "train_mse": [
    0.07202561944723129,
    0.047894034534692764
  ],
  "validation_mse": [
    0.03784259036183357,
    0.027662387117743492
  ]
}
