{
  "best_epoch": 2,
  "best_validation_mse": 0.027662387117743492,
  "device": "cpu",
  "epochs_ran": 2,
  "model": "proposed_nonlinear",
  "seed": 0,
  "test_mse": 0.009603297337889671,
  "test_nrmse": 1.4306707013303892,
  "trainable_parameters": 1661,
  "training_seconds": 0.02908774399838876,
  "validation_mse": 0.027662387117743492,
  "validation_nrmse": 2.0361424272627575
}
