{
  "grad_norm": [
    2.4999146461486816,
    2.277355432510376
  ],
  "train_mse": [
    0.20115803182125092,
    0.16882023215293884
  ],
  "validation_mse": [
    0.26510587334632874,
    0.22434428334236145
  ]
}
