{
  "best_validation_mse": 0.025414716452360153,
  "best_validation_step": 25000,
  "device": "cuda",
  "geocentric_to_latent_r2": 0.9462739670581078,
  "geocentric_to_latent_r2_per_dimension": [
    0.9609002966872279,
    0.9277343728576859
  ],
  "heliocentric_fit_coefficients": [
    [
      -0.040264701863356754,
      -0.021969881527997056
    ],
    [
      0.0408107471802029,
      -0.05026692259633296
    ],
    [
      -0.10859287756473097,
      0.17806474027970032
    ]
  ],
  "heliocentric_fit_expected_delta": [
    -0.0022390594419270018,
    -0.005865583274750913
  ],
  "heliocentric_to_latent_r2": 0.9792013758276196,
  "heliocentric_to_latent_r2_per_dimension": [
    0.9859555683634852,
    0.9706401036601195
  ],
  "latent_delta_cosine_similarity": 0.9999292578322669,
  "latent_delta_relative_error": 0.01364305937038545,
  "latent_to_heliocentric_r2": 0.9841284852019762,
  "latent_to_heliocentric_r2_per_angle": [
    0.9994769671829409,
    0.9683932890713096
  ],
  "latent_to_heliocentric_rmse_radians": 0.22661528007577292,
  "learned_latent_delta": [
    -0.002183520933613181,
    -0.00593079486861825
  ],
  "model": "reservoir",
  "optimization_steps": 60000,
  "seed": 0,
  "test_branch_heliocentric_to_latent_r2": 0.5812985316631989,
  "test_branch_latent_to_heliocentric_r2": 0.6725115545409213,
  "test_mars_rmse_radians": 0.3982926905155182,
  "test_mse": 0.08015113323926926,
  "test_relative_rmse_2pi": 0.0450583169073077,
  "test_rmse_radians": 0.2831097547582373,
  "test_sun_rmse_radians": 0.04080677404999733,
  "trainable_parameters": 606,
  "training_seconds": 936.5096383169293,
  "validation_mars_rmse_radians": 0.3960224390029907,
  "validation_mse": 0.07923917472362518,
  "validation_relative_rmse_2pi": 0.044801247119471234,
  "validation_rmse_radians": 0.2814945376443834,
  "validation_sun_rmse_radians": 0.04055332764983177
}
