{
  "grad_norm": [
    1.6803159713745117,
    1.6180979013442993
  ],
  "train_mse": [
    0.23555739223957062,
    0.22070060670375824
  ],
  "validation_mse": [
    0.2901006042957306,
    0.2706991136074066
  ]
}
